{"cameraMode":{"drawMode":0,"name":"Shaded","section":"Shading Mode"},"sceneLighting":true,"audioPlay":false,"sceneViewState":{"m_AlwaysRefresh":false,"showFog":true,"showSkybox":true,"showFlares":true,"showImageEffects":true,"showParticleSystems":true,"showVisualEffectGraphs":true,"m_FxEnabled":true},"in2DMode":false,"pivot":{"x":2.4511969089508058,"y":-1.7350000143051148,"z":0.6120613813400269},"rotation":{"x":-0.008016263134777546,"y":-0.14646799862384797,"z":-0.0011810683645308018,"w":0.9891985654830933},"size":5.947183609008789,"orthographic":false}