{"cameraMode":{"drawMode":0,"name":"Shaded","section":"Shading Mode"},"sceneLighting":false,"audioPlay":false,"sceneViewState":{"showFog":true,"showMaterialUpdate":false,"showSkybox":true,"showFlares":true,"showImageEffects":true,"showParticleSystems":true,"showVisualEffectGraphs":true,"m_FxEnabled":true},"in2DMode":false,"pivot":{"x":-3.5462212562561037,"y":-2.8147661685943605,"z":26.494169235229493},"rotation":{"x":0.24519646167755128,"y":0.6877091526985169,"z":-0.26832082867622378,"w":0.6284422874450684},"size":3.6020143032073976,"orthographic":false}